feminino,pardo,divorciado,nao,outro,nao,tecnologo,nao,MS,ingles,FIAP,engenharia
outro,amarelo,solteiro,deficiencia intelectual,bissexual,nao,especializacao,nao,PE,mandarim,UNIP,engenharia
prefiro nao informar,amarelo,divorciado,deficiencia fisica,heterossexual,orientacao sexual,doutorado,sim,PA,mandarim,UNINOVE,turismo
masculino,branco,casado,nao,heterossexual,territorial,doutorado,sim,PA,alemao,UNINOVE,veterinaria
masculino,branco,viuvo,deficiencia intelectual,prefiro nao informar,etnia,tecnologo,nao,AP,japones,PUC,medicina
nao-binario,indigena,solteiro,deficiencia intelectual,heterossexual,territorial,licenciatura,sim,MS,nao,USP,turismo
feminino,branco,solteiro,deficiencia auditiva,bissexual,orientacao sexual,bacharelado,nao,AC,nao,FIAP,engenharia
outro,pardo,solteiro,deficiencia auditiva,prefiro nao informar,territorial,licenciatura,sim,RS,ingles,PUC,sistemas de informacao
nao-binario,pardo,casado,deficiencia visual,outro,orientacao sexual,tecnologo,nao,PI,ingles,PUC,engenharia
transgenero,branco,viuvo,deficiencia visual,prefiro nao informar,orientacao sexual,licenciatura,nao,PA,alemao,PUC,veterinaria
prefiro nao informar,outro,viuvo,deficiencia auditiva,prefiro nao informar,etnia,licenciatura,nao,DF,mandarim,UNIP,veterinaria
prefiro nao informar,amarelo,viuvo,deficiencia visual,assexual,etnia,mestrado,nao,RO,nao,USP,turismo
outro,indigena,viuvo,nao,heterossexual,orientacao sexual,bacharelado,nao,PI,espanhol,UNIP,veterinaria
nao-binario,branco,viuvo,nao,homossexual,genero,MBA,nao,MA,nao,UNESP,sistemas de informacao
masculino,pardo,divorciado,deficiencia visual,outro,territorial,mestrado,sim,RJ,nao,UNESP,pedagogia
feminino,pardo,casado,deficiencia intelectual,outro,territorial,tecnologo,nao,PR,nao,UNIP,enfermagem
transgenero,pardo,divorciado,deficiencia visual,bissexual,etnia,tecnologo,nao,TO,mandarim,USP,pedagogia
feminino,outro,casado,deficiencia auditiva,bissexual,nao,licenciatura,sim,TO,nao,UNIP,engenharia
masculino,indigena,divorciado,deficiencia fisica,assexual,genero,bacharelado,nao,RJ,espanhol,UNIP,pedagogia
nao-binario,pardo,viuvo,deficiencia intelectual,homossexual,orientacao sexual,licenciatura,nao,GO,japones,UNESP,turismo
masculino,outro,divorciado,deficiencia intelectual,prefiro nao informar,genero,licenciatura,sim,PA,ingles,USP,engenharia
transgenero,pardo,solteiro,deficiencia intelectual,assexual,genero,especializacao,nao,RN,ingles,UNESP,enfermagem
outro,outro,viuvo,deficiencia intelectual,assexual,genero,MBA,sim,MA,nao,UNESP,sistemas de informacao
outro,branco,casado,nao,prefiro nao informar,genero,MBA,nao,AP,espanhol,PUC,veterinaria
nao-binario,amarelo,divorciado,deficiencia auditiva,pansexual,territorial,mestrado,nao,MA,espanhol,UNESP,sistemas de informacao
prefiro nao informar,outro,viuvo,deficiencia visual,bissexual,nao,doutorado,nao,PA,mandarim,UNINOVE,medicina
transgenero,amarelo,casado,deficiencia visual,prefiro nao informar,nao,doutorado,nao,PR,ingles,UNINOVE,veterinaria
prefiro nao informar,outro,casado,deficiencia visual,heterossexual,etnia,tecnologo,nao,TO,espanhol,UNESP,enfermagem
masculino,amarelo,divorciado,deficiencia fisica,heterossexual,etnia,doutorado,nao,PE,espanhol,FIAP,pedagogia
transgenero,amarelo,casado,nao,prefiro nao informar,genero,bacharelado,nao,RS,japones,PUC,turismo
prefiro nao informar,negro,casado,nao,prefiro nao informar,nao,doutorado,nao,AP,espanhol,PUC,veterinaria
masculino,branco,solteiro,deficiencia auditiva,pansexual,orientacao sexual,especializacao,sim,BA,alemao,UNINOVE,veterinaria
prefiro nao informar,outro,solteiro,deficiencia visual,outro,territorial,MBA,nao,RS,alemao,UNINOVE,pedagogia
prefiro nao informar,pardo,casado,deficiencia auditiva,outro,etnia,mestrado,nao,PI,alemao,USP,veterinaria
prefiro nao informar,indigena,casado,deficiencia auditiva,homossexual,nao,mestrado,nao,SP,nao,UNIP,engenharia
transgenero,negro,casado,deficiencia visual,prefiro nao informar,territorial,doutorado,nao,MT,japones,UNIP,enfermagem
prefiro nao informar,indigena,solteiro,nao,bissexual,orientacao sexual,mestrado,nao,CE,espanhol,FIAP,engenharia
prefiro nao informar,branco,solteiro,deficiencia fisica,bissexual,genero,especializacao,nao,RS,japones,PUC,pedagogia
outro,outro,casado,deficiencia auditiva,assexual,nao,bacharelado,nao,AC,ingles,UNIP,medicina
prefiro nao informar,indigena,solteiro,nao,heterossexual,orientacao sexual,tecnologo,sim,GO,japones,UNESP,pedagogia
masculino,outro,solteiro,deficiencia fisica,prefiro nao informar,etnia,MBA,nao,PA,japones,UNIP,sistemas de informacao
masculino,branco,solteiro,deficiencia visual,pansexual,territorial,doutorado,nao,MA,mandarim,FIAP,engenharia
masculino,outro,casado,deficiencia fisica,prefiro nao informar,territorial,licenciatura,nao,BA,japones,USP,sistemas de informacao
outro,branco,viuvo,deficiencia intelectual,pansexual,territorial,mestrado,sim,PR,nao,UNINOVE,pedagogia
prefiro nao informar,branco,divorciado,deficiencia auditiva,outro,genero,bacharelado,sim,PI,nao,UNIP,turismo
transgenero,branco,solteiro,deficiencia visual,pansexual,territorial,especializacao,sim,AP,mandarim,UNIP,engenharia
feminino,indigena,casado,nao,heterossexual,orientacao sexual,MBA,sim,AP,alemao,UNESP,pedagogia
feminino,indigena,solteiro,nao,assexual,nao,MBA,nao,RS,espanhol,UNINOVE,turismo
masculino,pardo,divorciado,deficiencia visual,heterossexual,nao,doutorado,nao,MA,mandarim,USP,sistemas de informacao
transgenero,pardo,solteiro,deficiencia visual,assexual,territorial,doutorado,nao,MT,japones,UNIP,engenharia
transgenero,negro,solteiro,nao,pansexual,genero,especializacao,sim,ES,ingles,USP,pedagogia
outro,pardo,divorciado,deficiencia fisica,homossexual,orientacao sexual,especializacao,nao,MA,alemao,PUC,engenharia
transgenero,indigena,divorciado,deficiencia visual,heterossexual,territorial,mestrado,sim,RS,alemao,UNESP,medicina
transgenero,outro,solteiro,deficiencia visual,outro,orientacao sexual,especializacao,nao,MS,alemao,PUC,veterinaria
masculino,pardo,divorciado,deficiencia auditiva,outro,orientacao sexual,mestrado,sim,PI,japones,USP,veterinaria
prefiro nao informar,amarelo,solteiro,deficiencia visual,assexual,etnia,mestrado,sim,MT,nao,UNINOVE,medicina
prefiro nao informar,indigena,divorciado,nao,assexual,etnia,tecnologo,nao,MA,espanhol,USP,turismo
masculino,amarelo,solteiro,deficiencia visual,assexual,etnia,bacharelado,sim,RN,mandarim,UNINOVE,pedagogia
transgenero,pardo,viuvo,nao,prefiro nao informar,genero,doutorado,sim,CE,japones,UNIP,engenharia
outro,outro,casado,nao,prefiro nao informar,etnia,doutorado,sim,MT,espanhol,PUC,pedagogia
nao-binario,branco,divorciado,nao,pansexual,territorial,doutorado,nao,PR,nao,PUC,medicina
feminino,branco,casado,nao,bissexual,nao,doutorado,nao,AP,ingles,PUC,engenharia
prefiro nao informar,outro,casado,deficiencia visual,outro,genero,bacharelado,sim,TO,alemao,PUC,medicina
prefiro nao informar,negro,viuvo,deficiencia fisica,heterossexual,etnia,doutorado,nao,GO,espanhol,UNIP,sistemas de informacao
nao-binario,pardo,viuvo,deficiencia fisica,prefiro nao informar,etnia,doutorado,sim,DF,nao,FIAP,enfermagem
nao-binario,pardo,solteiro,deficiencia visual,heterossexual,nao,doutorado,sim,AC,nao,UNESP,pedagogia
outro,amarelo,viuvo,nao,heterossexual,etnia,especializacao,nao,PE,japones,USP,turismo
feminino,pardo,viuvo,deficiencia fisica,homossexual,genero,especializacao,nao,AP,mandarim,UNINOVE,medicina
transgenero,indigena,solteiro,deficiencia auditiva,outro,genero,especializacao,nao,RR,nao,UNESP,engenharia
prefiro nao informar,branco,casado,deficiencia fisica,bissexual,etnia,doutorado,sim,GO,ingles,USP,veterinaria
feminino,amarelo,divorciado,deficiencia fisica,heterossexual,etnia,bacharelado,sim,RS,espanhol,USP,sistemas de informacao
nao-binario,pardo,solteiro,deficiencia fisica,bissexual,territorial,bacharelado,nao,RR,alemao,USP,pedagogia
prefiro nao informar,indigena,solteiro,deficiencia fisica,assexual,etnia,tecnologo,nao,MS,japones,USP,enfermagem
prefiro nao informar,pardo,casado,nao,prefiro nao informar,orientacao sexual,doutorado,sim,AC,mandarim,USP,sistemas de informacao
feminino,amarelo,viuvo,deficiencia fisica,pansexual,etnia,licenciatura,nao,AM,japones,FIAP,engenharia
prefiro nao informar,outro,divorciado,deficiencia fisica,homossexual,nao,bacharelado,nao,PI,japones,UNIP,turismo
masculino,indigena,viuvo,nao,homossexual,etnia,doutorado,nao,DF,espanhol,UNIP,turismo
outro,indigena,casado,deficiencia intelectual,outro,territorial,MBA,sim,RO,nao,PUC,enfermagem
nao-binario,branco,viuvo,deficiencia auditiva,prefiro nao informar,territorial,bacharelado,sim,MS,mandarim,UNESP,sistemas de informacao
prefiro nao informar,negro,divorciado,deficiencia intelectual,assexual,etnia,bacharelado,sim,RJ,japones,FIAP,pedagogia
transgenero,branco,casado,deficiencia visual,outro,territorial,mestrado,nao,MA,nao,UNESP,enfermagem
outro,branco,viuvo,deficiencia auditiva,homossexual,etnia,doutorado,sim,RO,ingles,PUC,veterinaria
masculino,negro,viuvo,nao,bissexual,etnia,especializacao,sim,RO,nao,UNIP,pedagogia
feminino,outro,solteiro,deficiencia auditiva,bissexual,territorial,bacharelado,nao,AM,japones,UNINOVE,enfermagem
transgenero,amarelo,viuvo,deficiencia visual,homossexual,etnia,especializacao,nao,RO,nao,UNESP,medicina
outro,negro,divorciado,deficiencia fisica,pansexual,territorial,doutorado,sim,RJ,alemao,UNESP,turismo
nao-binario,outro,solteiro,deficiencia visual,pansexual,nao,especializacao,nao,MG,espanhol,PUC,turismo
masculino,outro,solteiro,deficiencia auditiva,assexual,territorial,especializacao,nao,SC,mandarim,UNINOVE,engenharia
prefiro nao informar,negro,divorciado,nao,heterossexual,etnia,licenciatura,sim,AM,japones,UNIP,medicina
masculino,indigena,solteiro,deficiencia intelectual,heterossexual,etnia,licenciatura,nao,BA,mandarim,USP,pedagogia
transgenero,branco,divorciado,nao,bissexual,territorial,MBA,nao,RR,ingles,UNIP,sistemas de informacao
masculino,amarelo,divorciado,nao,prefiro nao informar,genero,bacharelado,sim,AP,ingles,UNINOVE,enfermagem
transgenero,amarelo,solteiro,deficiencia fisica,homossexual,territorial,especializacao,nao,TO,espanhol,FIAP,veterinaria
prefiro nao informar,amarelo,viuvo,deficiencia auditiva,homossexual,etnia,doutorado,nao,BA,espanhol,UNIP,pedagogia
prefiro nao informar,outro,solteiro,deficiencia visual,prefiro nao informar,etnia,MBA,nao,RR,ingles,FIAP,medicina
transgenero,indigena,divorciado,deficiencia visual,assexual,nao,MBA,nao,RS,nao,FIAP,engenharia
prefiro nao informar,indigena,divorciado,deficiencia fisica,heterossexual,genero,especializacao,sim,SE,nao,USP,pedagogia
transgenero,branco,solteiro,deficiencia visual,assexual,territorial,doutorado,sim,AM,mandarim,USP,pedagogia
masculino,pardo,viuvo,deficiencia intelectual,homossexual,orientacao sexual,tecnologo,nao,RJ,ingles,PUC,pedagogia
nao-binario,amarelo,viuvo,deficiencia fisica,prefiro nao informar,etnia,especializacao,sim,PI,alemao,USP,medicina
outro,pardo,casado,nao,heterossexual,etnia,bacharelado,sim,CE,alemao,USP,sistemas de informacao
masculino,outro,viuvo,deficiencia auditiva,pansexual,genero,bacharelado,sim,PB,alemao,USP,turismo
prefiro nao informar,indigena,viuvo,deficiencia auditiva,bissexual,territorial,licenciatura,sim,PR,mandarim,PUC,engenharia
masculino,branco,divorciado,deficiencia fisica,prefiro nao informar,genero,MBA,nao,SC,nao,PUC,pedagogia
masculino,amarelo,divorciado,deficiencia visual,assexual,etnia,tecnologo,nao,MA,espanhol,UNESP,medicina
nao-binario,negro,casado,deficiencia intelectual,homossexual,etnia,bacharelado,sim,PI,mandarim,PUC,pedagogia
nao-binario,pardo,viuvo,nao,homossexual,orientacao sexual,bacharelado,sim,MS,japones,UNESP,engenharia
feminino,negro,solteiro,deficiencia visual,homossexual,nao,mestrado,sim,AC,espanhol,USP,veterinaria
masculino,branco,casado,deficiencia visual,prefiro nao informar,nao,mestrado,sim,AC,alemao,USP,veterinaria
feminino,pardo,viuvo,deficiencia intelectual,bissexual,orientacao sexual,mestrado,nao,GO,mandarim,UNESP,sistemas de informacao
feminino,amarelo,divorciado,deficiencia intelectual,prefiro nao informar,orientacao sexual,bacharelado,nao,TO,ingles,FIAP,medicina
masculino,indigena,solteiro,deficiencia auditiva,outro,genero,MBA,nao,MG,ingles,UNINOVE,pedagogia
transgenero,branco,casado,deficiencia auditiva,prefiro nao informar,etnia,mestrado,sim,DF,alemao,UNINOVE,turismo
outro,branco,viuvo,deficiencia intelectual,homossexual,etnia,especializacao,sim,AP,nao,UNINOVE,medicina
nao-binario,branco,casado,deficiencia auditiva,outro,territorial,licenciatura,sim,RJ,japones,UNIP,enfermagem
nao-binario,outro,solteiro,deficiencia auditiva,assexual,territorial,tecnologo,nao,MS,japones,PUC,medicina
feminino,negro,divorciado,deficiencia auditiva,outro,nao,licenciatura,nao,DF,espanhol,PUC,veterinaria
transgenero,pardo,divorciado,deficiencia fisica,prefiro nao informar,territorial,doutorado,nao,Al,japones,PUC,sistemas de informacao
masculino,negro,viuvo,deficiencia visual,pansexual,etnia,especializacao,sim,SP,alemao,UNINOVE,turismo
transgenero,pardo,viuvo,deficiencia auditiva,homossexual,nao,bacharelado,sim,PI,nao,UNESP,veterinaria
feminino,outro,divorciado,deficiencia intelectual,heterossexual,nao,MBA,nao,PA,nao,PUC,engenharia
transgenero,amarelo,casado,deficiencia visual,prefiro nao informar,genero,bacharelado,nao,RO,ingles,UNESP,sistemas de informacao
transgenero,pardo,viuvo,nao,bissexual,orientacao sexual,doutorado,nao,BA,japones,FIAP,enfermagem
nao-binario,outro,casado,deficiencia visual,prefiro nao informar,etnia,tecnologo,nao,ES,nao,FIAP,turismo
masculino,pardo,viuvo,deficiencia auditiva,pansexual,orientacao sexual,tecnologo,nao,DF,ingles,UNESP,medicina
masculino,negro,casado,deficiencia visual,outro,etnia,licenciatura,sim,RN,mandarim,UNINOVE,enfermagem
feminino,amarelo,solteiro,nao,pansexual,etnia,tecnologo,nao,ES,nao,UNESP,sistemas de informacao
masculino,branco,viuvo,deficiencia intelectual,assexual,etnia,especializacao,nao,AM,ingles,PUC,engenharia
transgenero,negro,solteiro,deficiencia auditiva,pansexual,genero,doutorado,sim,PI,japones,UNESP,sistemas de informacao
transgenero,branco,viuvo,deficiencia intelectual,prefiro nao informar,etnia,doutorado,sim,AC,japones,UNESP,medicina
prefiro nao informar,amarelo,casado,nao,prefiro nao informar,genero,MBA,sim,PR,japones,PUC,medicina
transgenero,negro,divorciado,deficiencia fisica,pansexual,nao,MBA,nao,DF,alemao,UNINOVE,sistemas de informacao
masculino,amarelo,viuvo,nao,pansexual,territorial,especializacao,nao,RN,mandarim,PUC,veterinaria
outro,amarelo,divorciado,deficiencia auditiva,homossexual,genero,doutorado,nao,GO,nao,FIAP,engenharia
feminino,branco,divorciado,deficiencia fisica,outro,etnia,MBA,sim,MS,alemao,UNIP,enfermagem
masculino,pardo,divorciado,deficiencia intelectual,pansexual,nao,doutorado,nao,SP,japones,UNESP,pedagogia
nao-binario,indigena,casado,deficiencia fisica,heterossexual,etnia,especializacao,sim,AM,espanhol,UNIP,engenharia
outro,amarelo,divorciado,nao,outro,territorial,bacharelado,nao,PB,alemao,FIAP,turismo
prefiro nao informar,branco,viuvo,deficiencia intelectual,heterossexual,etnia,doutorado,sim,Al,mandarim,UNINOVE,medicina
transgenero,negro,viuvo,deficiencia fisica,assexual,etnia,doutorado,nao,RS,mandarim,UNINOVE,veterinaria
feminino,outro,divorciado,deficiencia visual,outro,genero,especializacao,nao,PA,alemao,FIAP,enfermagem
transgenero,outro,divorciado,deficiencia visual,bissexual,orientacao sexual,tecnologo,sim,RN,espanhol,USP,engenharia
prefiro nao informar,pardo,casado,deficiencia intelectual,assexual,genero,licenciatura,sim,MS,alemao,UNINOVE,turismo
transgenero,pardo,solteiro,deficiencia fisica,heterossexual,orientacao sexual,doutorado,nao,GO,nao,USP,turismo
masculino,indigena,divorciado,deficiencia fisica,pansexual,genero,especializacao,sim,RS,nao,UNESP,turismo
masculino,pardo,solteiro,deficiencia fisica,assexual,nao,mestrado,nao,DF,ingles,UNIP,engenharia
feminino,pardo,divorciado,deficiencia visual,assexual,genero,doutorado,nao,ES,ingles,UNIP,pedagogia
masculino,amarelo,divorciado,deficiencia auditiva,pansexual,genero,MBA,nao,RR,nao,PUC,enfermagem
transgenero,indigena,solteiro,deficiencia fisica,pansexual,etnia,tecnologo,nao,SP,ingles,UNIP,veterinaria
prefiro nao informar,outro,casado,deficiencia fisica,heterossexual,orientacao sexual,MBA,nao,MG,ingles,UNESP,medicina
prefiro nao informar,indigena,casado,deficiencia visual,outro,nao,MBA,nao,TO,mandarim,PUC,turismo
nao-binario,amarelo,casado,nao,pansexual,etnia,especializacao,sim,DF,japones,UNINOVE,sistemas de informacao
feminino,pardo,casado,deficiencia intelectual,pansexual,territorial,doutorado,sim,PR,ingles,UNINOVE,veterinaria
nao-binario,outro,solteiro,deficiencia auditiva,bissexual,territorial,mestrado,nao,CE,ingles,UNIP,turismo
prefiro nao informar,branco,divorciado,deficiencia fisica,outro,genero,especializacao,sim,AM,japones,PUC,medicina
nao-binario,amarelo,solteiro,deficiencia intelectual,heterossexual,nao,licenciatura,nao,RS,nao,UNINOVE,turismo
masculino,negro,viuvo,deficiencia fisica,homossexual,etnia,mestrado,sim,SC,espanhol,UNIP,enfermagem
prefiro nao informar,pardo,solteiro,deficiencia auditiva,heterossexual,genero,licenciatura,sim,DF,nao,UNESP,pedagogia
transgenero,indigena,solteiro,deficiencia visual,outro,nao,tecnologo,sim,RO,alemao,PUC,pedagogia
transgenero,branco,solteiro,deficiencia intelectual,bissexual,genero,mestrado,nao,BA,japones,UNINOVE,sistemas de informacao
feminino,indigena,viuvo,deficiencia fisica,heterossexual,territorial,doutorado,nao,AM,ingles,UNIP,medicina
prefiro nao informar,branco,casado,nao,homossexual,nao,tecnologo,nao,AM,ingles,UNINOVE,pedagogia
outro,branco,viuvo,deficiencia fisica,bissexual,genero,licenciatura,sim,MG,nao,PUC,sistemas de informacao
masculino,indigena,solteiro,nao,prefiro nao informar,etnia,licenciatura,nao,DF,nao,UNESP,engenharia
nao-binario,amarelo,divorciado,nao,outro,territorial,bacharelado,sim,MG,mandarim,PUC,pedagogia
transgenero,amarelo,solteiro,deficiencia auditiva,heterossexual,etnia,licenciatura,sim,RS,ingles,USP,veterinaria
masculino,pardo,viuvo,deficiencia auditiva,assexual,territorial,doutorado,sim,RJ,ingles,UNIP,engenharia
nao-binario,branco,casado,nao,pansexual,etnia,bacharelado,nao,RR,mandarim,USP,engenharia
transgenero,indigena,viuvo,deficiencia fisica,heterossexual,nao,bacharelado,sim,ES,alemao,USP,engenharia
prefiro nao informar,outro,casado,deficiencia intelectual,prefiro nao informar,etnia,doutorado,sim,AM,japones,UNIP,medicina
feminino,negro,viuvo,deficiencia visual,pansexual,territorial,MBA,sim,BA,espanhol,PUC,veterinaria
transgenero,amarelo,viuvo,deficiencia intelectual,pansexual,nao,bacharelado,sim,RJ,mandarim,PUC,sistemas de informacao
feminino,amarelo,solteiro,nao,pansexual,nao,especializacao,nao,DF,japones,USP,turismo
feminino,pardo,solteiro,deficiencia auditiva,pansexual,orientacao sexual,licenciatura,nao,MG,espanhol,PUC,sistemas de informacao
masculino,indigena,solteiro,deficiencia fisica,assexual,nao,MBA,nao,Al,espanhol,UNINOVE,veterinaria
transgenero,amarelo,divorciado,deficiencia intelectual,heterossexual,genero,doutorado,sim,CE,japones,USP,engenharia
nao-binario,amarelo,divorciado,deficiencia auditiva,homossexual,orientacao sexual,tecnologo,nao,PB,espanhol,UNESP,engenharia
masculino,negro,viuvo,deficiencia auditiva,bissexual,genero,especializacao,nao,SP,nao,PUC,sistemas de informacao
masculino,amarelo,viuvo,deficiencia visual,assexual,territorial,especializacao,sim,ES,nao,UNESP,turismo
feminino,pardo,solteiro,nao,pansexual,genero,doutorado,nao,PB,espanhol,UNESP,veterinaria
masculino,indigena,viuvo,nao,bissexual,etnia,bacharelado,sim,PR,nao,UNESP,veterinaria
prefiro nao informar,indigena,divorciado,deficiencia fisica,pansexual,etnia,especializacao,nao,AP,ingles,PUC,enfermagem
outro,negro,divorciado,deficiencia fisica,prefiro nao informar,territorial,tecnologo,nao,RN,espanhol,UNINOVE,pedagogia
prefiro nao informar,negro,divorciado,deficiencia auditiva,heterossexual,orientacao sexual,doutorado,nao,CE,japones,UNIP,turismo
feminino,branco,divorciado,deficiencia auditiva,outro,genero,tecnologo,sim,PB,mandarim,PUC,engenharia
outro,negro,solteiro,nao,bissexual,orientacao sexual,tecnologo,sim,PE,nao,FIAP,pedagogia
outro,branco,casado,deficiencia fisica,prefiro nao informar,territorial,licenciatura,nao,RJ,nao,UNESP,medicina
nao-binario,outro,solteiro,deficiencia auditiva,assexual,etnia,tecnologo,nao,SC,espanhol,FIAP,enfermagem
prefiro nao informar,branco,casado,deficiencia intelectual,bissexual,genero,licenciatura,sim,PR,ingles,USP,sistemas de informacao
prefiro nao informar,pardo,solteiro,deficiencia auditiva,outro,nao,licenciatura,sim,CE,mandarim,UNINOVE,medicina
masculino,branco,viuvo,deficiencia fisica,assexual,orientacao sexual,especializacao,nao,SP,alemao,FIAP,pedagogia
outro,indigena,divorciado,nao,pansexual,territorial,especializacao,sim,TO,ingles,UNINOVE,sistemas de informacao
masculino,negro,divorciado,nao,homossexual,genero,bacharelado,nao,RN,nao,UNINOVE,sistemas de informacao
prefiro nao informar,negro,casado,deficiencia visual,assexual,nao,MBA,sim,Al,japones,UNINOVE,medicina
transgenero,outro,divorciado,deficiencia intelectual,pansexual,orientacao sexual,bacharelado,sim,SP,japones,UNINOVE,turismo
prefiro nao informar,indigena,casado,deficiencia auditiva,assexual,territorial,MBA,nao,PR,nao,UNESP,turismo
transgenero,branco,divorciado,deficiencia intelectual,bissexual,genero,MBA,sim,RR,mandarim,UNIP,veterinaria
transgenero,negro,solteiro,nao,outro,genero,especializacao,sim,RO,ingles,FIAP,pedagogia
outro,amarelo,viuvo,deficiencia intelectual,assexual,genero,doutorado,nao,MG,alemao,PUC,veterinaria
feminino,amarelo,casado,deficiencia fisica,outro,orientacao sexual,especializacao,sim,RS,japones,UNIP,enfermagem
prefiro nao informar,indigena,viuvo,deficiencia intelectual,pansexual,orientacao sexual,mestrado,sim,AP,ingles,FIAP,medicina
nao-binario,outro,casado,deficiencia auditiva,homossexual,territorial,bacharelado,sim,BA,mandarim,PUC,sistemas de informacao
feminino,outro,viuvo,nao,prefiro nao informar,etnia,bacharelado,nao,AM,japones,PUC,medicina
masculino,branco,casado,deficiencia intelectual,assexual,etnia,especializacao,nao,RS,nao,FIAP,sistemas de informacao
nao-binario,pardo,viuvo,nao,pansexual,genero,licenciatura,nao,RO,japones,USP,pedagogia
nao-binario,outro,viuvo,deficiencia visual,homossexual,territorial,mestrado,nao,AP,ingles,PUC,pedagogia
feminino,negro,divorciado,deficiencia intelectual,assexual,territorial,tecnologo,sim,RN,japones,USP,engenharia
transgenero,branco,casado,deficiencia intelectual,assexual,etnia,licenciatura,sim,RN,japones,UNESP,medicina
transgenero,branco,divorciado,deficiencia auditiva,heterossexual,etnia,MBA,nao,PA,ingles,USP,turismo
nao-binario,indigena,solteiro,nao,homossexual,territorial,especializacao,nao,RR,mandarim,UNESP,engenharia
outro,amarelo,viuvo,deficiencia visual,outro,genero,tecnologo,nao,AP,nao,UNESP,veterinaria
prefiro nao informar,indigena,solteiro,nao,heterossexual,genero,mestrado,nao,DF,espanhol,UNIP,pedagogia
outro,pardo,divorciado,deficiencia auditiva,outro,nao,doutorado,nao,CE,nao,UNIP,turismo
feminino,outro,divorciado,deficiencia auditiva,bissexual,orientacao sexual,doutorado,nao,Al,ingles,UNINOVE,enfermagem
feminino,outro,solteiro,deficiencia fisica,prefiro nao informar,etnia,licenciatura,sim,MS,alemao,UNESP,pedagogia
masculino,negro,casado,deficiencia intelectual,bissexual,territorial,especializacao,nao,MG,mandarim,USP,engenharia
masculino,pardo,solteiro,deficiencia visual,prefiro nao informar,nao,licenciatura,sim,Al,espanhol,USP,veterinaria
feminino,amarelo,viuvo,deficiencia intelectual,assexual,etnia,doutorado,nao,RS,nao,FIAP,medicina
outro,pardo,solteiro,nao,homossexual,genero,doutorado,nao,MT,alemao,UNINOVE,engenharia
prefiro nao informar,negro,solteiro,deficiencia visual,prefiro nao informar,orientacao sexual,tecnologo,nao,MT,espanhol,UNIP,sistemas de informacao
nao-binario,outro,solteiro,deficiencia fisica,outro,etnia,MBA,sim,Al,japones,UNESP,sistemas de informacao
nao-binario,outro,divorciado,deficiencia intelectual,heterossexual,genero,MBA,nao,SP,alemao,UNIP,turismo
nao-binario,outro,viuvo,deficiencia fisica,bissexual,genero,bacharelado,sim,RN,mandarim,FIAP,medicina
masculino,outro,divorciado,deficiencia auditiva,outro,territorial,licenciatura,sim,MG,espanhol,UNINOVE,veterinaria
outro,branco,solteiro,deficiencia visual,prefiro nao informar,nao,MBA,nao,PI,japones,USP,veterinaria
nao-binario,negro,solteiro,deficiencia fisica,heterossexual,orientacao sexual,doutorado,sim,PE,japones,FIAP,pedagogia
prefiro nao informar,indigena,viuvo,deficiencia fisica,outro,nao,doutorado,sim,AC,ingles,FIAP,sistemas de informacao
nao-binario,negro,divorciado,deficiencia fisica,bissexual,orientacao sexual,bacharelado,nao,ES,espanhol,PUC,sistemas de informacao
masculino,branco,casado,deficiencia fisica,bissexual,genero,tecnologo,sim,PE,ingles,USP,engenharia
outro,indigena,viuvo,nao,pansexual,etnia,MBA,sim,PB,japones,USP,turismo
transgenero,amarelo,viuvo,deficiencia auditiva,homossexual,genero,licenciatura,sim,AC,alemao,UNIP,medicina
outro,indigena,divorciado,nao,homossexual,territorial,MBA,sim,ES,espanhol,USP,enfermagem
masculino,outro,divorciado,deficiencia fisica,prefiro nao informar,genero,bacharelado,nao,AM,mandarim,UNINOVE,pedagogia
prefiro nao informar,branco,casado,deficiencia fisica,pansexual,genero,tecnologo,nao,AC,mandarim,PUC,enfermagem
outro,indigena,divorciado,deficiencia visual,homossexual,genero,mestrado,sim,RR,espanhol,USP,pedagogia
outro,outro,divorciado,deficiencia intelectual,heterossexual,territorial,MBA,nao,PA,japones,PUC,veterinaria
prefiro nao informar,amarelo,viuvo,deficiencia auditiva,bissexual,nao,mestrado,sim,AP,alemao,FIAP,veterinaria
masculino,indigena,divorciado,nao,homossexual,orientacao sexual,mestrado,sim,AM,japones,UNIP,engenharia
feminino,amarelo,viuvo,deficiencia fisica,pansexual,etnia,bacharelado,nao,RJ,mandarim,PUC,veterinaria
masculino,branco,divorciado,deficiencia visual,prefiro nao informar,orientacao sexual,doutorado,nao,BA,mandarim,PUC,pedagogia
prefiro nao informar,indigena,casado,nao,pansexual,orientacao sexual,MBA,nao,TO,nao,FIAP,veterinaria
feminino,pardo,casado,nao,bissexual,orientacao sexual,licenciatura,nao,PR,espanhol,UNESP,medicina
transgenero,branco,solteiro,deficiencia auditiva,outro,nao,especializacao,sim,AC,espanhol,USP,turismo
masculino,pardo,solteiro,nao,pansexual,genero,MBA,nao,AM,alemao,UNINOVE,turismo
prefiro nao informar,branco,viuvo,deficiencia intelectual,heterossexual,nao,doutorado,nao,TO,alemao,USP,pedagogia
nao-binario,negro,viuvo,deficiencia auditiva,heterossexual,nao,doutorado,sim,RN,nao,UNIP,pedagogia
outro,branco,solteiro,deficiencia auditiva,outro,territorial,doutorado,nao,MA,mandarim,USP,pedagogia
prefiro nao informar,amarelo,divorciado,deficiencia visual,pansexual,etnia,especializacao,sim,MA,ingles,PUC,turismo
transgenero,outro,casado,deficiencia visual,bissexual,orientacao sexual,MBA,nao,TO,mandarim,UNESP,veterinaria
outro,branco,solteiro,deficiencia visual,bissexual,genero,bacharelado,nao,AC,alemao,UNIP,enfermagem
outro,amarelo,solteiro,deficiencia intelectual,pansexual,nao,mestrado,sim,SE,japones,USP,medicina
feminino,branco,solteiro,deficiencia intelectual,homossexual,genero,tecnologo,nao,PA,mandarim,UNINOVE,turismo
masculino,negro,viuvo,deficiencia visual,assexual,etnia,tecnologo,nao,MT,nao,PUC,pedagogia
outro,indigena,divorciado,nao,outro,etnia,especializacao,sim,AP,mandarim,FIAP,veterinaria
outro,outro,viuvo,deficiencia fisica,outro,nao,mestrado,nao,MA,mandarim,UNINOVE,engenharia
outro,negro,solteiro,deficiencia fisica,pansexual,genero,mestrado,sim,RR,mandarim,UNESP,turismo
masculino,pardo,viuvo,deficiencia auditiva,outro,genero,bacharelado,nao,SP,nao,FIAP,enfermagem
transgenero,negro,solteiro,deficiencia intelectual,homossexual,orientacao sexual,MBA,sim,DF,japones,UNINOVE,turismo
nao-binario,pardo,casado,deficiencia auditiva,homossexual,orientacao sexual,especializacao,nao,BA,ingles,UNIP,pedagogia
masculino,negro,divorciado,nao,outro,genero,tecnologo,nao,MA,mandarim,UNESP,veterinaria
nao-binario,negro,solteiro,deficiencia auditiva,homossexual,territorial,licenciatura,sim,MT,espanhol,UNESP,veterinaria
outro,pardo,solteiro,deficiencia visual,assexual,genero,licenciatura,sim,SC,mandarim,UNINOVE,engenharia
prefiro nao informar,branco,viuvo,deficiencia auditiva,homossexual,genero,licenciatura,sim,PE,japones,UNINOVE,enfermagem
transgenero,outro,divorciado,deficiencia visual,homossexual,etnia,licenciatura,sim,PI,nao,FIAP,engenharia
outro,pardo,solteiro,deficiencia visual,pansexual,nao,mestrado,sim,SP,japones,UNIP,veterinaria
feminino,outro,casado,nao,bissexual,orientacao sexual,tecnologo,sim,CE,nao,UNESP,engenharia
outro,pardo,casado,deficiencia fisica,heterossexual,orientacao sexual,doutorado,nao,ES,ingles,UNINOVE,sistemas de informacao
transgenero,branco,solteiro,deficiencia visual,homossexual,orientacao sexual,bacharelado,nao,MS,ingles,UNINOVE,engenharia
masculino,branco,solteiro,nao,pansexual,territorial,licenciatura,nao,PR,japones,FIAP,pedagogia
masculino,pardo,solteiro,nao,assexual,genero,bacharelado,nao,MG,nao,FIAP,sistemas de informacao
masculino,amarelo,divorciado,nao,bissexual,genero,licenciatura,nao,AP,ingles,UNESP,pedagogia
nao-binario,indigena,divorciado,deficiencia fisica,heterossexual,genero,bacharelado,sim,AM,ingles,FIAP,veterinaria
outro,amarelo,solteiro,deficiencia auditiva,pansexual,nao,bacharelado,nao,DF,ingles,PUC,medicina
outro,amarelo,solteiro,nao,heterossexual,etnia,especializacao,nao,ES,ingles,FIAP,medicina
masculino,pardo,casado,nao,assexual,etnia,tecnologo,nao,PI,espanhol,UNINOVE,engenharia
masculino,amarelo,divorciado,deficiencia visual,prefiro nao informar,nao,licenciatura,nao,Al,nao,PUC,veterinaria
feminino,amarelo,solteiro,deficiencia fisica,heterossexual,etnia,especializacao,nao,RR,nao,UNESP,veterinaria
nao-binario,amarelo,divorciado,nao,prefiro nao informar,territorial,bacharelado,nao,GO,mandarim,UNESP,enfermagem
nao-binario,amarelo,divorciado,deficiencia intelectual,outro,etnia,especializacao,nao,MG,alemao,UNINOVE,turismo
nao-binario,negro,casado,deficiencia visual,homossexual,territorial,mestrado,nao,GO,mandarim,PUC,enfermagem
feminino,negro,divorciado,deficiencia intelectual,prefiro nao informar,nao,bacharelado,nao,PE,mandarim,UNIP,turismo
masculino,pardo,viuvo,deficiencia auditiva,pansexual,orientacao sexual,tecnologo,nao,RJ,nao,UNESP,engenharia
nao-binario,indigena,divorciado,deficiencia intelectual,assexual,territorial,licenciatura,nao,CE,nao,USP,medicina
feminino,negro,divorciado,nao,homossexual,nao,mestrado,nao,CE,japones,USP,engenharia
nao-binario,amarelo,divorciado,deficiencia auditiva,homossexual,orientacao sexual,tecnologo,nao,SP,alemao,UNINOVE,veterinaria
transgenero,pardo,divorciado,deficiencia intelectual,outro,etnia,MBA,sim,MS,alemao,FIAP,medicina
masculino,amarelo,viuvo,deficiencia auditiva,outro,nao,licenciatura,nao,AM,alemao,PUC,enfermagem
nao-binario,pardo,viuvo,deficiencia fisica,heterossexual,nao,mestrado,nao,AC,mandarim,FIAP,engenharia
masculino,negro,viuvo,deficiencia visual,heterossexual,territorial,especializacao,nao,SE,ingles,UNINOVE,enfermagem
feminino,amarelo,casado,nao,homossexual,orientacao sexual,bacharelado,nao,MG,alemao,FIAP,sistemas de informacao
feminino,amarelo,divorciado,deficiencia auditiva,homossexual,territorial,mestrado,sim,AC,alemao,UNIP,sistemas de informacao
outro,branco,viuvo,nao,pansexual,genero,bacharelado,sim,RO,japones,FIAP,medicina
nao-binario,outro,divorciado,deficiencia auditiva,assexual,genero,mestrado,sim,SE,ingles,PUC,engenharia
outro,indigena,solteiro,nao,pansexual,genero,mestrado,nao,SP,japones,UNESP,veterinaria
nao-binario,outro,viuvo,nao,outro,orientacao sexual,tecnologo,nao,PE,nao,UNESP,veterinaria
feminino,indigena,divorciado,deficiencia intelectual,heterossexual,orientacao sexual,mestrado,sim,MA,ingles,USP,pedagogia
prefiro nao informar,branco,divorciado,deficiencia visual,pansexual,etnia,doutorado,nao,TO,alemao,UNIP,pedagogia
prefiro nao informar,indigena,solteiro,deficiencia fisica,prefiro nao informar,genero,licenciatura,nao,SE,ingles,UNIP,enfermagem
prefiro nao informar,negro,viuvo,deficiencia visual,heterossexual,nao,MBA,sim,ES,espanhol,UNIP,veterinaria
transgenero,pardo,casado,nao,pansexual,territorial,licenciatura,sim,AP,mandarim,UNIP,veterinaria
prefiro nao informar,outro,divorciado,deficiencia intelectual,pansexual,etnia,especializacao,nao,RN,nao,FIAP,engenharia
masculino,outro,casado,deficiencia visual,heterossexual,nao,especializacao,nao,AC,espanhol,FIAP,sistemas de informacao
transgenero,pardo,casado,deficiencia visual,homossexual,etnia,MBA,nao,MS,japones,UNIP,engenharia
feminino,pardo,solteiro,deficiencia auditiva,outro,territorial,doutorado,nao,RR,ingles,UNESP,sistemas de informacao
masculino,outro,divorciado,deficiencia fisica,prefiro nao informar,orientacao sexual,licenciatura,sim,SP,mandarim,UNESP,medicina
outro,indigena,casado,nao,pansexual,orientacao sexual,bacharelado,nao,AP,espanhol,UNESP,turismo
feminino,pardo,casado,deficiencia fisica,assexual,territorial,doutorado,nao,MT,alemao,USP,medicina
transgenero,outro,divorciado,nao,pansexual,genero,bacharelado,nao,RJ,espanhol,PUC,turismo
prefiro nao informar,branco,solteiro,deficiencia auditiva,assexual,territorial,MBA,nao,CE,alemao,PUC,turismo
masculino,negro,viuvo,deficiencia fisica,assexual,territorial,bacharelado,nao,RR,ingles,USP,pedagogia
transgenero,pardo,divorciado,deficiencia fisica,heterossexual,nao,tecnologo,sim,RS,japones,PUC,pedagogia
outro,amarelo,casado,deficiencia auditiva,pansexual,genero,tecnologo,nao,AC,espanhol,FIAP,veterinaria
nao-binario,negro,divorciado,deficiencia visual,prefiro nao informar,territorial,mestrado,sim,BA,japones,UNESP,medicina
feminino,negro,solteiro,nao,heterossexual,etnia,bacharelado,nao,ES,espanhol,UNIP,sistemas de informacao
nao-binario,amarelo,casado,deficiencia auditiva,heterossexual,genero,MBA,sim,RS,mandarim,FIAP,turismo
outro,branco,casado,deficiencia fisica,assexual,genero,especializacao,nao,PA,alemao,UNESP,enfermagem
masculino,amarelo,divorciado,deficiencia intelectual,assexual,etnia,bacharelado,sim,AC,japones,FIAP,sistemas de informacao
outro,indigena,casado,deficiencia auditiva,assexual,orientacao sexual,licenciatura,nao,MS,ingles,UNIP,enfermagem
nao-binario,branco,divorciado,deficiencia auditiva,heterossexual,orientacao sexual,MBA,sim,PR,mandarim,UNESP,engenharia
masculino,branco,viuvo,deficiencia visual,bissexual,genero,bacharelado,nao,PB,mandarim,PUC,pedagogia
outro,amarelo,casado,nao,outro,nao,MBA,sim,MS,nao,PUC,sistemas de informacao
nao-binario,outro,solteiro,deficiencia intelectual,assexual,territorial,bacharelado,nao,PE,alemao,UNINOVE,enfermagem
transgenero,outro,viuvo,deficiencia visual,bissexual,nao,mestrado,sim,MS,alemao,UNIP,pedagogia
prefiro nao informar,branco,casado,deficiencia fisica,prefiro nao informar,genero,especializacao,nao,GO,mandarim,UNINOVE,pedagogia
outro,outro,viuvo,deficiencia intelectual,homossexual,genero,doutorado,sim,PR,ingles,USP,pedagogia
outro,indigena,casado,deficiencia auditiva,homossexual,territorial,tecnologo,nao,RS,mandarim,UNESP,sistemas de informacao
nao-binario,outro,divorciado,deficiencia intelectual,bissexual,orientacao sexual,tecnologo,nao,RJ,mandarim,UNIP,engenharia
prefiro nao informar,amarelo,casado,deficiencia fisica,pansexual,etnia,especializacao,nao,CE,alemao,UNESP,pedagogia
masculino,amarelo,solteiro,nao,heterossexual,orientacao sexual,doutorado,nao,RR,ingles,PUC,turismo
feminino,pardo,viuvo,deficiencia fisica,bissexual,orientacao sexual,MBA,nao,AC,ingles,FIAP,pedagogia
nao-binario,branco,divorciado,deficiencia intelectual,assexual,etnia,MBA,nao,PB,nao,UNIP,enfermagem
masculino,amarelo,casado,nao,pansexual,etnia,bacharelado,sim,AC,ingles,UNESP,medicina
nao-binario,pardo,casado,deficiencia visual,pansexual,etnia,tecnologo,nao,MS,mandarim,UNIP,sistemas de informacao
feminino,amarelo,solteiro,deficiencia visual,pansexual,nao,tecnologo,nao,AC,japones,UNESP,pedagogia
transgenero,amarelo,viuvo,nao,heterossexual,territorial,especializacao,sim,RR,espanhol,UNIP,turismo
nao-binario,indigena,casado,deficiencia intelectual,assexual,genero,licenciatura,sim,TO,japones,UNINOVE,pedagogia
masculino,outro,solteiro,deficiencia visual,pansexual,territorial,MBA,nao,AM,nao,UNIP,veterinaria
masculino,negro,solteiro,nao,outro,orientacao sexual,MBA,sim,RR,ingles,UNESP,sistemas de informacao
prefiro nao informar,outro,divorciado,deficiencia visual,outro,genero,bacharelado,nao,Al,espanhol,PUC,enfermagem
prefiro nao informar,pardo,casado,deficiencia intelectual,pansexual,nao,mestrado,sim,PE,nao,PUC,engenharia
nao-binario,indigena,casado,deficiencia fisica,pansexual,territorial,MBA,sim,PA,nao,UNINOVE,veterinaria
outro,indigena,viuvo,deficiencia visual,homossexual,nao,licenciatura,nao,SE,nao,USP,enfermagem
masculino,pardo,divorciado,nao,homossexual,orientacao sexual,doutorado,sim,SP,japones,USP,engenharia
prefiro nao informar,indigena,viuvo,deficiencia intelectual,bissexual,genero,especializacao,nao,PI,nao,UNINOVE,turismo
nao-binario,negro,solteiro,deficiencia fisica,pansexual,territorial,mestrado,sim,MG,japones,UNIP,engenharia
outro,branco,divorciado,deficiencia visual,pansexual,etnia,tecnologo,nao,DF,nao,UNIP,medicina
outro,negro,solteiro,nao,pansexual,etnia,doutorado,nao,AC,nao,UNESP,medicina
outro,amarelo,casado,nao,assexual,genero,tecnologo,nao,AC,espanhol,UNINOVE,medicina
feminino,branco,divorciado,deficiencia visual,homossexual,etnia,tecnologo,nao,SP,japones,UNESP,veterinaria
masculino,branco,solteiro,deficiencia visual,homossexual,nao,bacharelado,sim,MG,ingles,USP,turismo
feminino,amarelo,divorciado,deficiencia intelectual,pansexual,genero,MBA,nao,Al,japones,UNESP,turismo
masculino,pardo,casado,deficiencia visual,pansexual,etnia,especializacao,sim,RJ,ingles,UNESP,veterinaria
outro,outro,solteiro,deficiencia fisica,homossexual,genero,tecnologo,nao,BA,alemao,FIAP,engenharia
transgenero,negro,solteiro,deficiencia visual,pansexual,etnia,tecnologo,sim,SE,ingles,FIAP,turismo
outro,indigena,solteiro,deficiencia fisica,bissexual,etnia,MBA,nao,SC,nao,FIAP,sistemas de informacao
outro,amarelo,divorciado,deficiencia auditiva,pansexual,genero,MBA,sim,PE,ingles,UNINOVE,enfermagem
nao-binario,indigena,divorciado,deficiencia visual,outro,genero,MBA,sim,DF,alemao,UNESP,medicina
prefiro nao informar,pardo,solteiro,nao,heterossexual,territorial,mestrado,nao,SP,alemao,UNIP,engenharia
masculino,amarelo,divorciado,nao,heterossexual,etnia,especializacao,sim,BA,espanhol,FIAP,engenharia
transgenero,negro,viuvo,deficiencia visual,heterossexual,territorial,bacharelado,nao,GO,mandarim,USP,enfermagem
outro,amarelo,viuvo,deficiencia intelectual,pansexual,etnia,especializacao,sim,SP,alemao,USP,turismo
prefiro nao informar,negro,viuvo,deficiencia auditiva,homossexual,territorial,bacharelado,nao,GO,nao,FIAP,turismo
feminino,pardo,solteiro,deficiencia visual,heterossexual,orientacao sexual,bacharelado,sim,GO,japones,UNINOVE,pedagogia
feminino,amarelo,solteiro,nao,bissexual,genero,especializacao,nao,MG,ingles,UNIP,engenharia
prefiro nao informar,branco,viuvo,deficiencia visual,bissexual,etnia,especializacao,nao,TO,mandarim,USP,enfermagem
masculino,indigena,solteiro,deficiencia intelectual,assexual,etnia,mestrado,nao,MS,espanhol,PUC,medicina
nao-binario,indigena,viuvo,deficiencia auditiva,prefiro nao informar,genero,mestrado,sim,MA,alemao,UNINOVE,engenharia
feminino,pardo,solteiro,deficiencia visual,assexual,genero,doutorado,sim,RN,alemao,UNESP,turismo
prefiro nao informar,pardo,viuvo,deficiencia fisica,outro,orientacao sexual,especializacao,nao,AC,nao,UNINOVE,sistemas de informacao
feminino,branco,solteiro,deficiencia visual,heterossexual,orientacao sexual,tecnologo,sim,RN,ingles,FIAP,turismo
prefiro nao informar,branco,solteiro,deficiencia auditiva,homossexual,etnia,mestrado,nao,TO,japones,USP,medicina
transgenero,negro,casado,deficiencia intelectual,bissexual,etnia,bacharelado,sim,BA,mandarim,UNESP,turismo
nao-binario,negro,viuvo,deficiencia auditiva,assexual,nao,tecnologo,nao,PA,espanhol,UNESP,veterinaria
nao-binario,negro,divorciado,deficiencia visual,prefiro nao informar,territorial,bacharelado,sim,BA,espanhol,UNINOVE,turismo
prefiro nao informar,branco,divorciado,deficiencia fisica,assexual,nao,especializacao,nao,SP,mandarim,USP,pedagogia
prefiro nao informar,indigena,casado,deficiencia auditiva,outro,orientacao sexual,tecnologo,sim,SP,espanhol,FIAP,veterinaria
outro,amarelo,solteiro,nao,outro,territorial,tecnologo,sim,RS,nao,UNIP,enfermagem
outro,pardo,solteiro,deficiencia intelectual,pansexual,orientacao sexual,especializacao,sim,MA,ingles,USP,sistemas de informacao
masculino,amarelo,divorciado,deficiencia fisica,bissexual,genero,tecnologo,sim,PB,nao,UNESP,medicina
nao-binario,indigena,solteiro,deficiencia visual,homossexual,genero,mestrado,nao,MA,alemao,USP,enfermagem
outro,outro,divorciado,deficiencia auditiva,bissexual,territorial,especializacao,nao,MS,ingles,FIAP,sistemas de informacao
masculino,amarelo,viuvo,deficiencia visual,outro,orientacao sexual,licenciatura,nao,SE,espanhol,UNINOVE,sistemas de informacao
feminino,indigena,casado,deficiencia fisica,assexual,nao,licenciatura,nao,SP,espanhol,UNIP,veterinaria
masculino,indigena,casado,deficiencia auditiva,prefiro nao informar,nao,tecnologo,sim,CE,ingles,USP,pedagogia
nao-binario,branco,solteiro,deficiencia auditiva,homossexual,orientacao sexual,doutorado,sim,CE,japones,UNESP,turismo
transgenero,indigena,casado,deficiencia fisica,assexual,genero,doutorado,nao,AM,japones,UNIP,engenharia
masculino,negro,casado,nao,assexual,genero,doutorado,nao,SC,mandarim,PUC,engenharia
nao-binario,negro,divorciado,deficiencia intelectual,outro,orientacao sexual,MBA,sim,SP,ingles,UNINOVE,pedagogia
prefiro nao informar,branco,solteiro,deficiencia auditiva,heterossexual,genero,licenciatura,nao,AC,ingles,USP,engenharia
nao-binario,branco,viuvo,deficiencia fisica,pansexual,orientacao sexual,licenciatura,nao,PE,espanhol,USP,enfermagem
feminino,branco,divorciado,deficiencia fisica,outro,nao,licenciatura,sim,BA,espanhol,UNIP,veterinaria
prefiro nao informar,negro,casado,deficiencia intelectual,bissexual,etnia,MBA,nao,DF,japones,FIAP,engenharia
transgenero,indigena,viuvo,deficiencia auditiva,pansexual,orientacao sexual,MBA,sim,MG,nao,FIAP,enfermagem
nao-binario,indigena,divorciado,deficiencia fisica,prefiro nao informar,genero,licenciatura,nao,AM,nao,PUC,pedagogia
prefiro nao informar,outro,solteiro,nao,prefiro nao informar,orientacao sexual,doutorado,nao,Al,espanhol,PUC,engenharia
transgenero,pardo,casado,deficiencia auditiva,assexual,nao,mestrado,nao,PI,japones,UNINOVE,sistemas de informacao
masculino,outro,casado,deficiencia fisica,assexual,orientacao sexual,especializacao,nao,RR,alemao,UNINOVE,engenharia
feminino,indigena,viuvo,nao,homossexual,etnia,tecnologo,sim,SE,japones,UNESP,veterinaria
transgenero,branco,solteiro,deficiencia fisica,outro,territorial,doutorado,sim,BA,japones,UNIP,medicina
prefiro nao informar,branco,viuvo,deficiencia intelectual,heterossexual,genero,mestrado,sim,AC,mandarim,UNINOVE,pedagogia
prefiro nao informar,outro,divorciado,deficiencia auditiva,prefiro nao informar,orientacao sexual,mestrado,nao,RJ,nao,UNESP,sistemas de informacao
masculino,amarelo,divorciado,nao,prefiro nao informar,orientacao sexual,licenciatura,nao,AM,espanhol,UNINOVE,engenharia
prefiro nao informar,pardo,casado,nao,outro,orientacao sexual,tecnologo,nao,SE,alemao,PUC,engenharia
feminino,branco,casado,deficiencia intelectual,bissexual,orientacao sexual,licenciatura,nao,ES,alemao,UNIP,engenharia
nao-binario,negro,divorciado,deficiencia visual,heterossexual,genero,tecnologo,sim,RR,japones,PUC,turismo
masculino,branco,viuvo,deficiencia fisica,heterossexual,nao,doutorado,sim,SE,japones,UNINOVE,medicina
feminino,pardo,viuvo,nao,outro,territorial,especializacao,nao,CE,espanhol,UNESP,veterinaria
masculino,amarelo,divorciado,nao,assexual,genero,doutorado,nao,PR,japones,UNINOVE,veterinaria
feminino,pardo,viuvo,deficiencia auditiva,pansexual,etnia,mestrado,nao,RJ,japones,UNIP,turismo
feminino,pardo,divorciado,deficiencia fisica,prefiro nao informar,territorial,doutorado,nao,MS,japones,UNIP,veterinaria
prefiro nao informar,outro,casado,deficiencia fisica,homossexual,territorial,doutorado,nao,RJ,nao,UNESP,enfermagem
nao-binario,indigena,viuvo,deficiencia auditiva,heterossexual,territorial,MBA,sim,RS,mandarim,FIAP,veterinaria
outro,negro,divorciado,nao,prefiro nao informar,territorial,mestrado,sim,PR,nao,UNIP,enfermagem
feminino,pardo,divorciado,nao,heterossexual,etnia,MBA,sim,PI,nao,USP,pedagogia
transgenero,indigena,casado,deficiencia visual,outro,orientacao sexual,especializacao,nao,SE,espanhol,UNESP,sistemas de informacao
transgenero,outro,casado,deficiencia fisica,prefiro nao informar,nao,mestrado,nao,AC,nao,USP,enfermagem
transgenero,negro,divorciado,deficiencia intelectual,prefiro nao informar,orientacao sexual,licenciatura,sim,CE,alemao,UNINOVE,turismo
prefiro nao informar,negro,solteiro,deficiencia fisica,bissexual,orientacao sexual,licenciatura,sim,CE,japones,FIAP,turismo
feminino,outro,viuvo,deficiencia visual,heterossexual,etnia,tecnologo,sim,Al,espanhol,UNESP,sistemas de informacao
feminino,negro,viuvo,deficiencia visual,bissexual,territorial,bacharelado,nao,AC,nao,USP,veterinaria
transgenero,amarelo,viuvo,deficiencia auditiva,pansexual,genero,licenciatura,nao,TO,japones,FIAP,pedagogia
outro,outro,viuvo,deficiencia visual,bissexual,etnia,especializacao,nao,BA,nao,USP,turismo
prefiro nao informar,outro,viuvo,deficiencia intelectual,pansexual,nao,bacharelado,sim,PB,nao,PUC,engenharia
feminino,indigena,solteiro,deficiencia auditiva,bissexual,etnia,tecnologo,nao,PI,ingles,USP,engenharia
transgenero,pardo,solteiro,deficiencia intelectual,outro,etnia,bacharelado,sim,RJ,japones,FIAP,engenharia
masculino,outro,casado,deficiencia visual,bissexual,etnia,tecnologo,sim,MG,espanhol,FIAP,turismo
prefiro nao informar,pardo,viuvo,nao,homossexual,orientacao sexual,licenciatura,nao,RN,japones,UNIP,veterinaria
masculino,negro,solteiro,deficiencia fisica,assexual,etnia,bacharelado,sim,RS,nao,UNIP,medicina
feminino,amarelo,casado,deficiencia fisica,homossexual,genero,mestrado,sim,TO,mandarim,UNIP,turismo
prefiro nao informar,negro,casado,deficiencia auditiva,assexual,territorial,MBA,sim,PI,alemao,UNIP,pedagogia
outro,branco,casado,deficiencia auditiva,bissexual,nao,MBA,nao,PR,ingles,UNESP,pedagogia
masculino,negro,divorciado,deficiencia visual,assexual,genero,especializacao,sim,PE,ingles,UNINOVE,enfermagem
feminino,indigena,solteiro,deficiencia fisica,outro,territorial,bacharelado,sim,SP,ingles,UNINOVE,medicina
feminino,amarelo,casado,deficiencia fisica,bissexual,etnia,especializacao,sim,AM,mandarim,FIAP,turismo
nao-binario,outro,divorciado,deficiencia auditiva,prefiro nao informar,orientacao sexual,especializacao,nao,SC,alemao,UNESP,enfermagem
nao-binario,amarelo,solteiro,nao,outro,orientacao sexual,MBA,nao,MT,espanhol,UNINOVE,enfermagem
transgenero,amarelo,viuvo,deficiencia intelectual,assexual,nao,licenciatura,sim,AM,alemao,USP,turismo
outro,branco,divorciado,deficiencia fisica,prefiro nao informar,genero,especializacao,sim,RN,nao,UNINOVE,medicina
nao-binario,indigena,solteiro,deficiencia intelectual,outro,orientacao sexual,MBA,sim,MS,alemao,UNESP,turismo
feminino,outro,divorciado,deficiencia intelectual,outro,nao,doutorado,nao,ES,alemao,PUC,enfermagem
prefiro nao informar,negro,divorciado,deficiencia fisica,assexual,genero,MBA,sim,Al,espanhol,UNESP,pedagogia
transgenero,branco,solteiro,nao,pansexual,nao,mestrado,sim,SE,espanhol,PUC,pedagogia
nao-binario,indigena,solteiro,deficiencia auditiva,heterossexual,orientacao sexual,licenciatura,nao,RN,mandarim,FIAP,enfermagem
transgenero,outro,viuvo,deficiencia fisica,heterossexual,genero,MBA,nao,GO,mandarim,FIAP,enfermagem
prefiro nao informar,indigena,divorciado,deficiencia auditiva,assexual,genero,licenciatura,sim,RS,japones,UNIP,medicina
nao-binario,outro,divorciado,deficiencia fisica,prefiro nao informar,etnia,bacharelado,sim,DF,japones,UNIP,turismo
prefiro nao informar,pardo,viuvo,deficiencia auditiva,pansexual,genero,bacharelado,nao,TO,espanhol,UNESP,pedagogia
feminino,negro,viuvo,deficiencia intelectual,homossexual,nao,mestrado,sim,RO,ingles,UNESP,medicina
transgenero,branco,divorciado,deficiencia intelectual,pansexual,orientacao sexual,especializacao,nao,MA,japones,UNESP,medicina
masculino,branco,casado,deficiencia auditiva,heterossexual,genero,bacharelado,nao,AP,ingles,USP,veterinaria
transgenero,indigena,viuvo,deficiencia intelectual,pansexual,territorial,MBA,nao,RJ,japones,UNESP,turismo
transgenero,negro,divorciado,deficiencia fisica,outro,etnia,MBA,nao,PE,nao,UNIP,enfermagem
nao-binario,outro,casado,nao,bissexual,nao,doutorado,nao,ES,alemao,UNIP,pedagogia
masculino,branco,solteiro,deficiencia visual,pansexual,genero,tecnologo,nao,BA,nao,USP,sistemas de informacao
outro,outro,solteiro,nao,bissexual,etnia,doutorado,sim,MG,nao,USP,turismo
transgenero,indigena,divorciado,deficiencia intelectual,assexual,orientacao sexual,especializacao,nao,AM,espanhol,UNESP,pedagogia
prefiro nao informar,outro,casado,deficiencia visual,prefiro nao informar,orientacao sexual,MBA,nao,GO,nao,UNINOVE,pedagogia
transgenero,amarelo,casado,deficiencia visual,outro,orientacao sexual,especializacao,sim,ES,alemao,USP,enfermagem
transgenero,negro,casado,deficiencia auditiva,bissexual,nao,tecnologo,sim,RN,mandarim,UNESP,pedagogia
transgenero,amarelo,divorciado,deficiencia visual,pansexual,nao,mestrado,nao,MT,mandarim,FIAP,sistemas de informacao
outro,outro,solteiro,deficiencia visual,heterossexual,genero,tecnologo,sim,SE,japones,PUC,turismo
feminino,amarelo,casado,deficiencia auditiva,pansexual,territorial,mestrado,sim,MG,mandarim,USP,veterinaria
transgenero,pardo,solteiro,deficiencia visual,homossexual,orientacao sexual,tecnologo,nao,ES,espanhol,FIAP,enfermagem
transgenero,indigena,solteiro,nao,outro,nao,doutorado,sim,PE,nao,FIAP,sistemas de informacao
outro,pardo,casado,deficiencia auditiva,prefiro nao informar,etnia,bacharelado,sim,RJ,nao,UNIP,engenharia
feminino,negro,casado,deficiencia visual,heterossexual,orientacao sexual,especializacao,nao,Al,alemao,UNESP,pedagogia
nao-binario,outro,divorciado,deficiencia auditiva,prefiro nao informar,territorial,mestrado,sim,RS,alemao,USP,sistemas de informacao
transgenero,branco,divorciado,deficiencia intelectual,bissexual,orientacao sexual,MBA,nao,PA,nao,UNESP,sistemas de informacao
nao-binario,indigena,solteiro,nao,heterossexual,territorial,especializacao,nao,CE,nao,FIAP,medicina
prefiro nao informar,pardo,solteiro,deficiencia auditiva,homossexual,nao,bacharelado,nao,ES,espanhol,PUC,sistemas de informacao
outro,negro,casado,deficiencia auditiva,assexual,genero,MBA,nao,BA,ingles,UNESP,pedagogia
nao-binario,amarelo,solteiro,nao,heterossexual,nao,doutorado,nao,RO,nao,UNIP,engenharia
nao-binario,branco,solteiro,deficiencia auditiva,heterossexual,genero,tecnologo,sim,AP,mandarim,UNIP,turismo
transgenero,negro,casado,deficiencia visual,prefiro nao informar,genero,especializacao,sim,AC,japones,USP,pedagogia
transgenero,indigena,solteiro,deficiencia fisica,heterossexual,nao,MBA,sim,SE,nao,USP,sistemas de informacao
outro,pardo,casado,nao,heterossexual,genero,bacharelado,nao,SE,ingles,UNIP,enfermagem
feminino,negro,casado,nao,bissexual,nao,tecnologo,nao,PR,nao,USP,veterinaria
outro,indigena,solteiro,deficiencia visual,heterossexual,genero,licenciatura,sim,SE,alemao,UNINOVE,enfermagem
feminino,negro,viuvo,nao,assexual,orientacao sexual,licenciatura,sim,GO,alemao,UNIP,engenharia
feminino,pardo,divorciado,deficiencia intelectual,outro,nao,especializacao,sim,MS,ingles,PUC,sistemas de informacao
nao-binario,amarelo,casado,deficiencia visual,assexual,genero,tecnologo,nao,RR,japones,UNIP,engenharia
transgenero,indigena,divorciado,deficiencia auditiva,bissexual,territorial,tecnologo,sim,PI,espanhol,UNESP,sistemas de informacao
nao-binario,pardo,divorciado,deficiencia auditiva,bissexual,territorial,tecnologo,sim,MT,espanhol,PUC,veterinaria
prefiro nao informar,branco,casado,deficiencia fisica,prefiro nao informar,etnia,licenciatura,nao,TO,japones,UNIP,veterinaria
nao-binario,indigena,viuvo,deficiencia fisica,pansexual,genero,bacharelado,sim,RN,japones,USP,medicina
outro,negro,casado,deficiencia visual,prefiro nao informar,genero,MBA,nao,RR,alemao,UNIP,medicina
feminino,outro,solteiro,deficiencia auditiva,homossexual,genero,licenciatura,sim,PR,alemao,UNESP,sistemas de informacao
masculino,branco,viuvo,nao,pansexual,etnia,especializacao,nao,MT,alemao,UNINOVE,pedagogia
masculino,indigena,divorciado,nao,pansexual,etnia,mestrado,nao,MG,alemao,PUC,engenharia
masculino,branco,casado,deficiencia auditiva,pansexual,genero,bacharelado,nao,SC,mandarim,UNIP,sistemas de informacao
feminino,negro,casado,nao,prefiro nao informar,orientacao sexual,MBA,sim,RN,japones,FIAP,pedagogia
nao-binario,amarelo,casado,deficiencia auditiva,outro,etnia,mestrado,sim,PA,nao,PUC,turismo
masculino,amarelo,solteiro,deficiencia intelectual,prefiro nao informar,orientacao sexual,doutorado,nao,MT,ingles,UNIP,veterinaria
transgenero,pardo,solteiro,deficiencia visual,bissexual,orientacao sexual,bacharelado,nao,CE,ingles,UNIP,sistemas de informacao
masculino,negro,divorciado,deficiencia fisica,prefiro nao informar,genero,bacharelado,sim,AC,espanhol,UNESP,pedagogia
outro,amarelo,solteiro,deficiencia visual,bissexual,territorial,licenciatura,nao,PA,mandarim,USP,enfermagem
nao-binario,negro,solteiro,nao,assexual,orientacao sexual,tecnologo,nao,PI,ingles,UNIP,enfermagem
nao-binario,pardo,divorciado,deficiencia auditiva,prefiro nao informar,orientacao sexual,doutorado,nao,RO,alemao,UNESP,engenharia
masculino,outro,divorciado,nao,heterossexual,nao,mestrado,nao,PR,alemao,FIAP,turismo
feminino,pardo,divorciado,deficiencia fisica,pansexual,orientacao sexual,mestrado,nao,AM,alemao,USP,sistemas de informacao
nao-binario,amarelo,divorciado,deficiencia fisica,bissexual,genero,especializacao,nao,SP,ingles,USP,sistemas de informacao
